http://activate.etnetera.cz/novinky/poznamky-konference-e-business-forum-2014.html,404,,5.9.15,Nenalezeno,Počítač,14.9.15
http://activate.etnetera.cz/49778-e_consulting/,404,,16.9.15,Nenalezeno,Počítač,16.9.15
http://activate.etnetera.cz/novinky/pozadi-male-naborove-kampane.html,404,,9.9.15,Nenalezeno,Počítač,11.9.15
http://activate.etnetera.cz/novinky/,404,,24.9.14,Nenalezeno,Počítač,16.9.15
http://activate.etnetera.cz/references/,404,,6.11.14,Nenalezeno,Počítač,19.8.15
http://activate.etnetera.cz/novinky/nejprehlednejsi-nakupni-kosik-ma-datart.html,404,,7.9.15,Nenalezeno,Počítač,12.9.15
http://activate.etnetera.cz/novinky/22031-activate_life_091124_klicove_ukazatele_uspesnosti_webu.html,404,,12.9.15,Nenalezeno,Počítač,12.9.15
http://activate.etnetera.cz/nas-tym/michaela-novakova.html,404,,8.9.15,Nenalezeno,Počítač,8.9.15
http://activate.etnetera.cz/comments/feed/,404,,3.9.15,Nenalezeno,Počítač,3.9.15
http://activate.etnetera.cz/reference/o2.html,404,,16.9.15,Nenalezeno,Počítač,16.9.15
